continents;countries_number;travel_number_per_year;use_of_travel_agents;cost_importance;safety_importance;distance_importance;activities_importance;common_companios;one_week_stay_avg_price;travel_reasons;travel_activities;interest_meet_new_people;electronic_device_daily;electronic_device_hours_day;familiar_social;facebook_use;tiktok_use;instagram_use;twitter_use;pinterest_use;youtube_use;twitch_use;reddit_use;snapchat_use;telegram_use;travel_sharing_social;travel_remember_destinations;travel_remember_activities;travel_remember_motivations;travel_remember_companions;travel_remember_cost;travel_remember_organization;travel_remember_ransportation;social_travel_remeber_help;best_media_travel_remember;daily_app_use_lifestyle;daily_app_use_social;daily_app_use_utility;daily_app_use_games;daily_app_use_productivity;daily_app_use_news;daily_app_use_various;travel_app_use_lifestyle;travel_app_use_social;travel_app_use_utility;travel_app_use_games;travel_app_use_productivity;travel_app_use_news;travel_app_use_various;useful_new_travel_social;useful_new_travel_social_autofinance;new_social_features;importance_feature_instant_messaging;importance_feature_sharing_photos;importance_feature_sharing_videos;importance_feature_sharing_other_media;importance_feature_navigable_maps;importance_feature_associated_hardware;importance_feature_collection_travel_memories;importance_feature_low_price;importance_feature_sensors_data_collection;importance_feature_travel_analysis;importance_feature_comparison_users;importance_feature_forum_qa;importance_feature_travel_tips;importance_feature_data_logging;importance_feature_subscribtion;importance_feature_host_be_hosted;importance_feature_communities;importance_feature_travel_guides;importance_feature_travel_packages;importance_feature_live_speaking;importance_feature_collectibles;importance_feature_self_finance_trips;importance_feature_currency_cryptocurrency;importance_feature_meet_new_people;age;sex;education;occupation;average_family_annual_income;travel_meaning
Europe, Asia, North America;13-24;2-3;Never;Extremely important;Slightly important;Slightly important;Extremely important;Solo;500-1,500;Interest in different cultures, Need for recreation;Cultural activities, Sport, Cultivation of my hobbies;Yes;Yes;1-2;Twitter, Telegram, Facebook, Reddit, YouTube, Instagram, Snapchat, TikTok;<1;Never;2;<1;Never;3;Never;2;<1;Never;Instagram;Very much;Very much;Slightly;Somewhat;Slightly;Slightly;Very much;Slightly;Photo;Slightly;Somewhat;Not at all;Not at all;Slightly;Very much;Somewhat;Somewhat;Slightly;Somewhat;Not at all;Not at all;Somewhat;Very much;No;No;none;Somewhat;Very much;Not at all;Not at all;Very much;Not at all;Somewhat;Very much;Not at all;Not at all;Somewhat;Slightly;Somewhat;Not at all;Not at all;Slightly;Not at all;Somewhat;Somewhat;Slightly;Not at all;Not at all;Not at all;Slightly;37-41;Male;Master's degree;Employed, 40 or more per week;30,000-39,999;exploring, new, places
Europe, Asia;13-24;2-3;Sometimes;Very important;Extremely important;Slightly important;Very important;Family;500-1,500;Interest in different cultures, Need to have new experiences, Desire to learn new things;Discovery of the natural heritage, Cultural activities, Relax and free time;Yes;Yes;2-3;Pinterest, Instagram, Snapchat, YouTube, TikTok, Facebook;<1;2;2;Never;<1;<1;Never;Never;<1;Never;Instagram;Very much;Very much;Very much;Somewhat;Somewhat;Somewhat;Somewhat;Slightly;Video, Photo;Very much;Somewhat;Slightly;Slightly;Somewhat;Slightly;Somewhat;Somewhat;Somewhat;Slightly;Not at all;Slightly;Not at all;Not at all;Yes;Maybe;photos, videos, chat, location information, maps, guides;Very much;Very much;Somewhat;Very much;Very much;Somewhat;Very much;Somewhat;Somewhat;Very much;Somewhat;Very much;Very much;Somewhat;Somewhat;Somewhat;Very much;Very much;Somewhat;Very much;Somewhat;Somewhat;Slightly;Somewhat;18-23;Female;Bachelor's degree;Not employed, looking for a job;20,000-29,999;experience, fun, meeting new cultures
Europe;7-12;Once or less;Never;Very important;Extremely important;Very important;Very important;Family;<500;Need to have new experiences, Interest in different cultures, Desire to learn new things;Discovery of the natural heritage, Cultural activities, Relax and free time;Maybe;Yes;4-5;Instagram, TikTok, YouTube, Telegram, Snapchat, Twitter, Facebook;Never;Never;2;Never;Never;2;Never;Never;Never;<1;Instagram;Very much;Very much;Slightly;Very much;Somewhat;Somewhat;Very much;Somewhat;Video, Photo;Not at all;Very much;Very much;Slightly;Not at all;Slightly;Not at all;Not at all;Very much;Very much;Somewhat;Not at all;Not at all;Not at all;Yes;Yes;To mark cities on the map, that were visited;Very much;Very much;Very much;Very much;Very much;Somewhat;Very much;Very much;Somewhat;Very much;Slightly;Somewhat;Somewhat;Very much;Not at all;Very much;Somewhat;Very much;Slightly;Slightly;Slightly;Very much;Slightly;Very much;18-23;Female;High school;Employed, 1 to 39 per week;<20,000;Experience, emotions, inspiration
Europe;<3;Once or less;Never;Very important;Very important;Not important;Extremely important;Friends;500-1,500;Need for recreation, Interest in different cultures;Cultivation of my hobbies, Relax and free time, Cultural activities;Yes;Yes;>5;Twitter, Reddit, Twitch, Facebook, YouTube, Telegram, Instagram;<1;Never;Never;<1;Never;3;2;<1;Never;<1;I don't share anything on social networks;Very much;Very much;Somewhat;Very much;Slightly;Very much;Somewhat;Not at all;Photo;Slightly;Slightly;Slightly;Not at all;Very much;Slightly;Not at all;Not at all;Not at all;Not at all;Not at all;Not at all;Slightly;Not at all;Yes;Maybe;I don't know;Very much;Slightly;Slightly;Not at all;Very much;Not at all;Very much;Very much;Not at all;Somewhat;Not at all;Very much;Very much;Not at all;Not at all;Very much;Very much;Very much;Not at all;Slightly;Slightly;Not at all;Not at all;Very much;24-29;Male;Bachelor's degree;Not employed, not looking for a job;<20,000;differences, culture, beauty
Europe;4-6;2-3;Sometimes;Very important;Very important;Slightly important;Slightly important;Partner;500-1,500;Desire to learn new things, Want to meet new people, Interest in different cultures;Relax and free time, Cultivation of my hobbies, Discovery of the natural heritage;Yes;Yes;3-4;Twitter, Reddit, TikTok, Instagram, Snapchat, Pinterest, YouTube, Twitch, Facebook;<1;Never;4;Never;<1;3;Never;Never;Never;Never;Instagram;Very much;Very much;Somewhat;Somewhat;Slightly;Slightly;Somewhat;Somewhat;Photo, Video;Slightly;Very much;Somewhat;Not at all;Very much;Slightly;Somewhat;Not at all;Very much;Somewhat;Not at all;Somewhat;Slightly;Somewhat;Yes;Yes;Different albums for photos during our stay (according to places or days), a platform where we can oversee all of our costs so far during the vacation;Slightly;Slightly;Somewhat;Somewhat;Very much;Slightly;Very much;Somewhat;Somewhat;Slightly;Somewhat;Somewhat;Somewhat;Slightly;Slightly;Very much;Very much;Somewhat;Somewhat;Somewhat;Somewhat;Somewhat;Not at all;Very much;18-23;Female;High school;Not employed, looking for a job;<20,000;Culture, music, learning
Europe, Asia;4-6;2-3;Never;Extremely important;Slightly important;Very important;Very important;Family;<500;Desire to learn new things, Interest in different cultures, Need for recreation;Cultural activities, Discovery of the natural heritage, Relax and free time;Yes;Yes;2-3;Instagram, Twitch, Telegram, YouTube, Twitter, Reddit, Pinterest;Never;Never;Never;Never;<1;4;Never;>5;Never;3;I don't share anything on social networks;Very much;Very much;Somewhat;Very much;Slightly;Slightly;Very much;Not at all;Photo, Video, Text;Slightly;Somewhat;Very much;Slightly;Very much;Not at all;Somewhat;Somewhat;Slightly;Very much;Not at all;Very much;Not at all;Very much;Maybe;Maybe;Full control over what I would share. Super easy to add different types of media with the least amount of steps. Intelligence to automatically accompany the media with as much information as possible. Ability to categorise, filter, and export the data.;Somewhat;Slightly;Slightly;Very much;Somewhat;Somewhat;Very much;Very much;Very much;Very much;Slightly;Not at all;Very much;Very much;Slightly;Somewhat;Somewhat;Very much;Slightly;Not at all;Somewhat;Slightly;Slightly;Somewhat;30-36;Male;Master's degree;Employed, 40 or more per week;20,000-29,999;experience, learning, variety
Europe, Asia;<3;Once or less;Never;Extremely important;Very important;Slightly important;Very important;Friends;<500;Need for recreation;Sport, Discovery of the natural heritage, Relax and free time;Maybe;Yes;1-2;Instagram, YouTube, Pinterest, Telegram, Reddit, Facebook, Twitter;<1;Never;<1;<1;Never;<1;Never;Never;Never;<1;Instagram, Facebook;Very much;Very much;Somewhat;Very much;Very much;Somewhat;Somewhat;Somewhat;Photo;Not at all;Somewhat;Not at all;Not at all;Not at all;Not at all;Not at all;Not at all;Somewhat;Not at all;Not at all;Not at all;Not at all;Not at all;Yes;Maybe;Photos, small videos, budget manager, cheaper places for students;Very much;Very much;Somewhat;Very much;Very much;Slightly;Very much;Very much;Somewhat;Not at all;Not at all;Slightly;Somewhat;Slightly;Slightly;Slightly;Slightly;Slightly;Somewhat;Not at all;Somewhat;Very much;Not at all;Slightly;24-29;Female;Bachelor's degree;Not employed, looking for a job;<20,000;Relaxation, escape from work, freedom
Europe, Asia, Oceania;13-24;2-3;Sometimes;Very important;Very important;Not important;Slightly important;Partner;<500;Interest in different cultures, Desire to learn new things, Need to have new experiences;Discovery of the natural heritage, Cultivation of my hobbies, Cultural activities;Yes;Yes;>5;Facebook, Reddit, YouTube, Telegram, Instagram;Never;Never;<1;Never;Never;2;Never;<1;Never;2;Instagram;Very much;Very much;Very much;Very much;Very much;Very much;Very much;Slightly;Photo, Video, Text;Not at all;Slightly;Slightly;Not at all;Slightly;Not at all;Not at all;Not at all;Slightly;Slightly;Not at all;Slightly;Not at all;Slightly;Maybe;Maybe;recording of expenses;Somewhat;Not at all;Slightly;Not at all;Very much;Slightly;Somewhat;Somewhat;Slightly;Somewhat;Somewhat;Very much;Very much;Somewhat;Somewhat;Somewhat;Somewhat;Very much;Somewhat;Somewhat;Not at all;Very much;Somewhat;Slightly;24-29;Male;Bachelor's degree;Not employed, not looking for a job;30,000-39,999;put my self in discussion, keep in touch with human nature and nature, be opened to new things and scenarios
Europe;13-24;7-12;Never;Extremely important;Slightly important;Not important;Extremely important;Family;<500;Need for recreation, Interest in different cultures, Desire to learn new things;Relax and free time, Discovery of the natural heritage, Cultural activities;Yes;Yes;2-3;Reddit, Pinterest, Twitter, Twitch, YouTube, Instagram, Snapchat, Facebook, TikTok;2;Never;4;Never;<1;>5;Never;Never;<1;Never;Instagram, Facebook;Very much;Very much;Very much;Very much;Very much;Very much;Very much;Slightly;Photo;Not at all;Somewhat;Not at all;Slightly;Slightly;Slightly;Slightly;Not at all;Slightly;Not at all;Not at all;Not at all;Not at all;Not at all;Maybe;No;Since I am a controll freak I like to do all the organissing myself so I don't enjoy apps that do that for me. But I can imagine that a lot of pople who travel would want that sort of app.;Very much;Slightly;Slightly;Slightly;Somewhat;Not at all;Somewhat;Very much;Slightly;Very much;Somewhat;Very much;Somewhat;Not at all;Not at all;Somewhat;Slightly;Very much;Slightly;Somewhat;Slightly;Somewhat;Not at all;Somewhat;18-23;Female;High school;Not employed, looking for a job;<20,000;Learning, loving, living
Europe, Asia, Africa, North America;25-50;13-25;Never;Very important;Slightly important;Not important;Slightly important;Partner;<500;Interest in different cultures, Need to have new experiences, Desire to learn new things;Discovery of the natural heritage, Cultivation of my hobbies;Maybe;Yes;1-2;Facebook, Pinterest, Reddit, Twitch, Telegram, YouTube, Twitter, Instagram, Yesgnal, Whatsapp;<1;Never;<1;Never;Never;<1;Never;Never;Never;Never;Instagram, Facebook, Online-Blog on our Homepage;Very much;Very much;Slightly;Very much;Somewhat;Slightly;Somewhat;Slightly;Photo, Video;Slightly;Somewhat;Very much;Slightly;Very much;Very much;Somewhat;Not at all;Somewhat;Very much;Not at all;Slightly;Somewhat;Somewhat;No;No;browserversion and offline version-you won't have internet in some areas all the time;Very much;Somewhat;Somewhat;Somewhat;Very much;Somewhat;Very much;Somewhat;Slightly;Slightly;Slightly;Very much;Somewhat;Somewhat;Very much;Very much;Somewhat;Very much;Slightly;Slightly;Slightly;Somewhat;Slightly;Somewhat;30-36;Female;Master's degree;Employed, 40 or more per week;70,000-79,999;experience, motorcycle, adventure
Europe, Africa;7-12;Once or less;Often;Very important;Very important;Slightly important;Very important;Friends;<500;Need to have new experiences, Desire to learn new things, Interest in different cultures;Relax and free time, Discovery of the natural heritage;Maybe;Yes;3-4;Instagram, Twitch, Pinterest, Reddit, YouTube, Facebook, TikTok, Snapchat, Twitter;<1;4;4;<1;<1;4;3;<1;<1;Never;Snapchat;Very much;Very much;Very much;Very much;Somewhat;Somewhat;Very much;Very much;Photo, Video;Somewhat;Very much;Slightly;Very much;Very much;Somewhat;Very much;Slightly;Very much;Slightly;Slightly;Very much;Somewhat;Very much;Yes;No;Best prices;Somewhat;Very much;Slightly;Somewhat;Very much;Very much;Very much;Very much;Slightly;Very much;Very much;Very much;Very much;Very much;Slightly;Somewhat;Slightly;Very much;Very much;Somewhat;Slightly;Very much;Very much;Very much;18-23;Male;High school;Not employed, looking for a job;<20,000;relaxing, fun, friends
Europe, North America;4-6;Once or less;Never;Extremely important;Extremely important;Not important;Very important;Partner;between 1,500 and 2,500;Need to have new experiences, Need for recreation, Interest in different cultures;Discovery of the natural heritage, Cultural activities, Relax and free time;Maybe;Yes;>5;Pinterest, Twitter, Instagram, Facebook, TikTok, Twitch, YouTube;<1;Never;>5;3;2;>5;Never;Never;Never;Never;Instagram;Very much;Very much;Somewhat;Somewhat;Very much;Somewhat;Very much;Very much;Video, Photo;Somewhat;Very much;Somewhat;Somewhat;Slightly;Very much;Somewhat;Very much;Very much;Somewhat;Not at all;Not at all;Not at all;Not at all;Yes;Yes;Maybe a Combination of photo album, files(like on iPhone), and apple wallet. But I?m not sure;Somewhat;Somewhat;Very much;Very much;Very much;Slightly;Very much;Very much;Somewhat;Somewhat;Somewhat;Very much;Very much;Slightly;Not at all;Very much;Somewhat;Very much;Somewhat;Somewhat;Somewhat;Very much;Very much;Slightly;30-36;Female;High school;Employed, 1 to 39 per week;20,000-29,999;
Europe;4-6;2-3;Never;Slightly important;Very important;Not important;Slightly important;Friends;500-1,500;Need to have new experiences, Interest in different cultures;Relax and free time, Discovery of the natural heritage, Sport;Maybe;Yes;1-2;Instagram, Messenger;<1;<1;<1;Never;<1;<1;Never;Never;<1;Never;Instagram;Very much;Very much;Slightly;Very much;Slightly;Slightly;Somewhat;Somewhat;Video, Photo;Very much;Very much;Somewhat;Not at all;Somewhat;Slightly;Somewhat;Very much;Very much;Somewhat;Not at all;Somewhat;Slightly;Somewhat;Yes;Yes;Reservations, help, tips?;Very much;Very much;Somewhat;Somewhat;Very much;Slightly;Very much;Very much;Somewhat;Somewhat;Somewhat;Very much;Very much;Somewhat;Somewhat;Very much;Slightly;Somewhat;Very much;Slightly;Somewhat;Somewhat;Not at all;Somewhat;18-23;Female;High school;Not employed, looking for a job;20,000-29,999;Freedom, excitment, adventure
Europe, Asia, Oceania, North America;13-24;13-25;Sometimes;Extremely important;Very important;Not important;Very important;Solo;<500;Work needs, Desire to learn new things;depends highly on the destination & reason for traveling;Maybe;Yes;>5;YouTube, Instagram, Telegram, Reddit, Pinterest, Twitch;Never;Never;Never;Never;<1;>5;2;2;Never;<1;I don't share anything on social networks;Very much;Very much;Somewhat;Very much;Slightly;Somewhat;Very much;Not at all;Photo, Text;Slightly;Slightly;Very much;Slightly;Not at all;Not at all;Not at all;Not at all;Slightly;Not at all;Not at all;Not at all;Not at all;Not at all;Maybe;No;Offline functions for remote locations...;Not at all;Not at all;Not at all;Not at all;Very much;Slightly;Not at all;Slightly;Not at all;Not at all;Not at all;Slightly;Slightly;Not at all;Not at all;Not at all;Not at all;Slightly;Not at all;Not at all;Not at all;Not at all;Not at all;Not at all;24-29;Female;Bachelor's degree;Employed, 40 or more per week;<20,000;routine, discovery, transport
Europe;25-50;7-12;Never;Extremely important;Slightly important;Slightly important;Very important;Partner;500-1,500;Need to have new experiences, Need for recreation, Study needs;Discovery of the natural heritage, Cultural activities, Sport;Yes;Yes;>5;YouTube, Facebook, Twitter, Telegram, Snapchat, TikTok, Instagram;<1;<1;2;<1;Never;<1;Never;Never;<1;<1;Instagram;Very much;Somewhat;Slightly;Somewhat;Somewhat;Slightly;Somewhat;Somewhat;Photo;Somewhat;Very much;Somewhat;Not at all;Not at all;Very much;Slightly;Somewhat;Very much;Very much;Not at all;Not at all;Slightly;Not at all;Yes;Yes;I think it will be more useful to focus the app on the documents and informations part rather than the photos etc. I can already do it on various social media (ex. Instagram and Whatsapp);Slightly;Not at all;Not at all;Not at all;Somewhat;Not at all;Slightly;Very much;Slightly;Somewhat;Slightly;Very much;Very much;Not at all;Not at all;Very much;Slightly;Very much;Very much;Slightly;Slightly;Very much;Somewhat;Very much;24-29;Male;Master's degree;Employed, 1 to 39 per week;20,000-29,999;freedom, excitement, culture
Europe;7-12;2-3;Never;Extremely important;Extremely important;Extremely important;Extremely important;Family;between 2,500 and 4,000;Interest in different cultures, Leisure;Sport, Cultivation of my hobbies, Relax and free time;Yes;Yes;3-4;Twitch, TikTok, YouTube, Snapchat, Instagram, Reddit, Facebook, Pinterest, Twitter;<1;Never;Never;2;Never;>5;<1;<1;Never;Never;I don't share anything on social networks;Very much;Very much;Somewhat;Somewhat;Slightly;Slightly;Very much;Not at all;Photo, Video;Not at all;Very much;Slightly;Very much;Not at all;Very much;Very much;Not at all;Very much;Somewhat;Not at all;Not at all;Very much;Very much;Yes;Maybe;A list of interesting locations to visit in the vicinity one is in;Slightly;Very much;Very much;Very much;Very much;Not at all;Very much;Very much;Slightly;Very much;Somewhat;Very much;Very much;Slightly;Not at all;Slightly;Slightly;Very much;Not at all;Slightly;Slightly;Not at all;Slightly;Slightly;18-23;Male;High school;Employed, 1 to 39 per week;50,000-59,999;Enjoyment, Leisure, Satisfaction
Europe, Asia, Africa, North America;25-50;2-3;Often;Slightly important;Very important;Slightly important;Very important;Family;between 1,500 and 2,500;Interest in different cultures, Need for recreation, Desire to learn new things;Discovery of the natural heritage, Relax and free time, Cultural activities;Maybe;Yes;1-2;YouTube, Instagram, Facebook;2;Never;<1;Never;Never;4;Never;Never;Never;Never;Facebook;Very much;Somewhat;Slightly;Very much;Not at all;Somewhat;Slightly;Somewhat;Photo;Not at all;Somewhat;Not at all;Slightly;Not at all;Not at all;Slightly;Not at all;Slightly;Not at all;Not at all;Not at all;Not at all;Slightly;Maybe;Maybe;photos;Not at all;Somewhat;Slightly;Slightly;Very much;Not at all;Very much;Somewhat;Not at all;Not at all;Not at all;Somewhat;Somewhat;Not at all;Not at all;Not at all;Slightly;Very much;Somewhat;Somewhat;Not at all;Not at all;Not at all;Slightly;24-29;Female;Master's degree;Employed, 1 to 39 per week;30,000-39,999;freedom, life, fun
Europe, Africa, North America, South America;25-50;4-6;Sometimes;Very important;Extremely important;Not important;Slightly important;Family;between 1,500 and 2,500;Desire to learn new things, Interest in different cultures, Need to have new experiences;Cultural activities, Relax and free time;Yes;Yes;2-3;Pinterest, Instagram, YouTube, Facebook, TikTok, Telegram, Reddit, Snapchat;<1;Never;2;Never;Never;2;Never;Never;2;<1;Instagram;Very much;Somewhat;Somewhat;Very much;Not at all;Slightly;Somewhat;Somewhat;Video, Photo, Text;Slightly;Somewhat;Somewhat;Not at all;Slightly;Slightly;Not at all;Not at all;Somewhat;Not at all;Not at all;Not at all;Slightly;Not at all;Yes;Yes;finance table for an overview;Somewhat;Somewhat;Somewhat;Somewhat;Very much;Slightly;Somewhat;Very much;Slightly;Somewhat;Very much;Somewhat;Very much;Slightly;Somewhat;Somewhat;Very much;Very much;Somewhat;Slightly;Slightly;Very much;Not at all;Very much;18-23;Female;High school;Not employed, not looking for a job;<20,000;culture, relaxation, pictures
Europe, Asia, Africa;25-50;2-3;Never;Extremely important;Slightly important;Not important;Very important;Friends;<500;Interest in different cultures, Need to have new experiences;Cultural activities, Discovery of the natural heritage;Yes;Yes;4-5;Facebook;<1;Never;Never;Never;Never;<1;Never;Never;Never;Never;Facebook;Very much;Very much;Very much;Very much;Slightly;Very much;Very much;Somewhat;Photo;Slightly;Slightly;Slightly;Not at all;Somewhat;Somewhat;Not at all;Slightly;Slightly;Slightly;Not at all;Not at all;Not at all;Not at all;No;No;Nothing. I use only Facebook and Google maps;Not at all;Somewhat;Not at all;Slightly;Not at all;Not at all;Slightly;Slightly;Not at all;Very much;Slightly;Slightly;Slightly;Not at all;Not at all;Not at all;Slightly;Not at all;Not at all;Not at all;Slightly;Not at all;Not at all;Slightly;37-41;Male;Master's degree;Not employed, not looking for a job;20,000-29,999;People, culture, free
Europe, Asia, Oceania, North America;25-50;4-6;Never;Very important;Slightly important;Slightly important;Very important;Family;<500;Need to have new experiences, Interest in different cultures, Want to meet new people;Cultural activities, Cultivation of my hobbies, Discovery of the natural heritage;Yes;Yes;2-3;YouTube, Telegram, Snapchat, Facebook, Instagram, Pinterest;2;Never;>5;Never;Never;<1;Never;Never;<1;<1;Instagram;Very much;Very much;Very much;Very much;Slightly;Slightly;Very much;Slightly;Video, Photo;Slightly;Very much;Slightly;Not at all;Slightly;Somewhat;Slightly;Slightly;Somewhat;Somewhat;Not at all;Not at all;Slightly;Not at all;Yes;Yes;Possibility to meet other travellers;Somewhat;Somewhat;Very much;Not at all;Very much;Not at all;Very much;Very much;Slightly;Very much;Not at all;Slightly;Very much;Slightly;Slightly;Very much;Very much;Very much;Slightly;Not at all;Slightly;Somewhat;Somewhat;Very much;18-23;Female;High school;Employed, 1 to 39 per week;<20,000;experiences, exploring, novelty
Europe;4-6;Once or less;Never;Not important;Very important;Not important;Very important;Family;500-1,500;Desire to learn new things, Interest in different cultures, Need to have new experiences;Discovery of the natural heritage, Cultural activities, Relax and free time;Yes;Yes;1-2;Pinterest, Facebook, Snapchat, Instagram, YouTube, Telegram;<1;Never;>5;Never;<1;>5;Never;Never;<1;<1;Instagram;Very much;Very much;Very much;Very much;Somewhat;Somewhat;Somewhat;Somewhat;Photo, Text, Video;Very much;Very much;Somewhat;Not at all;Somewhat;Slightly;Somewhat;Very much;Very much;Somewhat;Not at all;Slightly;Not at all;Somewhat;Maybe;Maybe;travel map, photo thing that helps to discover the place again, location saver;Very much;Somewhat;Very much;Somewhat;Very much;Somewhat;Very much;Somewhat;Slightly;Somewhat;Not at all;Slightly;Very much;Somewhat;Not at all;Somewhat;Somewhat;Very much;Somewhat;Not at all;Very much;Not at all;Not at all;Very much;18-23;Female;High school;Not employed, looking for a job;40,000-49,999;new experience and knowledge, get out of comfort zone, inspiration
Europe, Asia;7-12;2-3;Never;Slightly important;Extremely important;Not important;Extremely important;Family;<500;Need to have new experiences, Desire to learn new things;Discovery of the natural heritage, Sport, Relax and free time;Maybe;Yes;4-5;TikTok, Facebook, YouTube, Twitter, Instagram, Pinterest, Telegram, Snapchat;Never;3;<1;Never;Never;3;Never;Never;<1;Never;Instagram;Very much;Very much;Somewhat;Very much;Not at all;Somewhat;Slightly;Very much;Photo;Slightly;Somewhat;Slightly;Slightly;Not at all;Slightly;Not at all;Not at all;Slightly;Not at all;Not at all;Not at all;Not at all;Not at all;Maybe;Maybe;No idea;Not at all;Somewhat;Not at all;Not at all;Somewhat;Not at all;Somewhat;Very much;Not at all;Slightly;Not at all;Somewhat;Somewhat;Not at all;Not at all;Not at all;Not at all;Somewhat;Slightly;Slightly;Slightly;Not at all;Not at all;Somewhat;24-29;Female;Bachelor's degree;Employed, 1 to 39 per week;<20,000;Freedom, happiness, Adventure
Europe, North America;7-12;2-3;Sometimes;Very important;Extremely important;Slightly important;Very important;Family;500-1,500;Desire to learn new things, Interest in different cultures;Activities related to my job / my educational path, Cultural activities, see places from books/shows/movies;Maybe;Yes;2-3;TikTok, Pinterest, YouTube, Snapchat, Instagram;Never;>5;>5;Never;2;>5;<1;<1;<1;Never;Instagram;Very much;Very much;Somewhat;Very much;Slightly;Somewhat;Slightly;Somewhat;Photo;Very much;Very much;Somewhat;Slightly;Not at all;Not at all;Slightly;Somewhat;Very much;Not at all;Not at all;Not at all;Slightly;Slightly;Yes;Maybe;private settings-who is able to see my posts/trips/plans;Very much;Very much;Very much;Very much;Very much;Somewhat;Very much;Very much;Somewhat;Somewhat;Very much;Somewhat;Very much;Somewhat;Slightly;Somewhat;Very much;Very much;Slightly;Very much;Somewhat;Somewhat;Slightly;Somewhat;24-29;Female;High school;Employed, 1 to 39 per week;30,000-39,999;new experiences, opportunities to grow and dream
Europe;13-24;4-6;Never;Very important;Slightly important;Very important;Very important;Partner;between 1,500 and 2,500;Need to have new experiences, Interest in different cultures;Sport, Relax and free time, Cultural activities;No;Yes;>5;Facebook, YouTube, Reddit, Telegram, Instagram, Pinterest, Twitter, TikTok;<1;2;>5;<1;2;4;Never;Never;Never;Never;Instagram;Very much;Very much;Slightly;Very much;Slightly;Somewhat;Very much;Very much;Video;Somewhat;Somewhat;Somewhat;Somewhat;Slightly;Slightly;Somewhat;Slightly;Somewhat;Very much;Slightly;Slightly;Slightly;Somewhat;Yes;Yes;plng tools, hotel reservations, transportation, tourist info, maps;Slightly;Very much;Somewhat;Slightly;Very much;Slightly;Very much;Very much;Somewhat;Somewhat;Somewhat;Very much;Very much;Somewhat;Somewhat;Slightly;Somewhat;Very much;Somewhat;Slightly;Slightly;Slightly;Slightly;Somewhat;30-36;Female;Bachelor's degree;Employed, 1 to 39 per week;80,000-89,999;experiences, memories, fun
Europe, Asia, Africa, Oceania;25-50;2-3;Sometimes;Very important;Very important;Slightly important;Extremely important;Family;500-1,500;Interest in different cultures, Desire to learn new things, Want to meet new people;Discovery of the natural heritage, Sport, Cultural activities;Maybe;Yes;1-2;Facebook, YouTube;<1;Never;Never;Never;Never;2;Never;Never;Never;Never;Facebook;Very much;Somewhat;Not at all;Very much;Slightly;Slightly;Slightly;Not at all;Photo, Text;Not at all;Somewhat;Very much;Somewhat;Not at all;Somewhat;Somewhat;Not at all;Slightly;Not at all;Not at all;Not at all;Slightly;Not at all;Maybe;Maybe;Don't know;Somewhat;Somewhat;Slightly;Slightly;Very much;Not at all;Somewhat;Slightly;Not at all;Slightly;Not at all;Slightly;Somewhat;Not at all;Not at all;Not at all;Not at all;Very much;Not at all;Not at all;Not at all;Not at all;Not at all;Somewhat;30-36;Female;Master's degree;Not employed, not looking for a job;50,000-59,999;Fun, experience, relax
Europe, Asia;7-12;2-3;Sometimes;Very important;Very important;Very important;Slightly important;Solo;500-1,500;Need for recreation, Meet relatives abroad;Discovery of the natural heritage, Cultural activities;Maybe;Yes;1-2;Instagram, YouTube, Facebook;<1;Never;<1;Never;Never;2;Never;Never;Never;Never;Instagram;Very much;Somewhat;Somewhat;Not at all;Slightly;Slightly;Slightly;Slightly;Photo;Not at all;Very much;Slightly;Not at all;Slightly;Slightly;Slightly;Not at all;Somewhat;Somewhat;Not at all;Not at all;Slightly;Slightly;Maybe;No;No suggestions come to my mind;Slightly;Somewhat;Somewhat;Somewhat;Somewhat;Slightly;Somewhat;Somewhat;Slightly;Slightly;Slightly;Somewhat;Somewhat;Slightly;Slightly;Somewhat;Slightly;Somewhat;Slightly;Slightly;Slightly;Slightly;Not at all;Slightly;24-29;Female;High school;Employed, 40 or more per week;20,000-29,999;Discover, relax, contact with nature 
Europe;13-24;4-6;Never;Very important;Slightly important;Not important;Slightly important;Solo;<500;Need to have new experiences, Interest in different cultures, Work needs;Discovery of the natural heritage, Relax and free time, Cultural activities;Yes;Yes;2-3;Facebook, Reddit, TikTok, Twitter, Telegram, Instagram, YouTube;<1;<1;4;<1;Never;<1;Never;<1;Never;<1;Instagram;Very much;Very much;Somewhat;Very much;Very much;Very much;Somewhat;Slightly;Video, Photo;Slightly;Very much;Somewhat;Not at all;Very much;Very much;Slightly;Slightly;Very much;Very much;Not at all;Somewhat;Slightly;Somewhat;Yes;Yes;Sharing advice between travellers and local people;Somewhat;Very much;Slightly;Very much;Not at all;Not at all;Slightly;Very much;Slightly;Somewhat;Very much;Very much;Very much;Slightly;Somewhat;Very much;Slightly;Very much;Slightly;Somewhat;Very much;Slightly;Slightly;Very much;24-29;Male;Bachelor's degree;Not employed, looking for a job;40,000-49,999;
Europe, Oceania;7-12;4-6;Sometimes;Slightly important;Very important;Not important;Slightly important;Partner;500-1,500;Work needs, Need for recreation, Need to have new experiences;Sport, Discovery of the natural heritage, Activities related to my job / my educational path;Yes;Yes;3-4;YouTube, Instagram, Facebook, Pinterest, Telegram;<1;Never;3;Never;2;3;Never;Never;Never;<1;Instagram, Facebook;Very much;Somewhat;Very much;Very much;Not at all;Somewhat;Slightly;Somewhat;Photo, Video;Somewhat;Very much;Very much;Slightly;Somewhat;Slightly;Slightly;Somewhat;Very much;Very much;Not at all;Slightly;Somewhat;Slightly;Yes;Yes;Blog, crypto currency exchange;Somewhat;Somewhat;Somewhat;Somewhat;Somewhat;Somewhat;Very much;Very much;Somewhat;Somewhat;Slightly;Very much;Somewhat;Very much;Not at all;Somewhat;Somewhat;Somewhat;Somewhat;Slightly;Slightly;Very much;Slightly;Somewhat;24-29;Female;Master's degree;Employed, 1 to 39 per week;40,000-49,999;Experience, change, discovery
Europe;7-12;7-12;Often;Slightly important;Very important;Not important;Slightly important;Family;500-1,500;Desire to learn new things, Interest in different cultures, Need for recreation;Cultural activities, Cultivation of my hobbies, Discovery of the natural heritage;Maybe;Yes;4-5;Twitch, Twitter, Pinterest, Reddit, Facebook, YouTube, Instagram, Telegram, Snapchat, TikTok;2;3;2;Never;Never;>5;<1;Never;<1;<1;Facebook, Instagram;Somewhat;Somewhat;Somewhat;Very much;Not at all;Somewhat;Slightly;Somewhat;Photo, Text, Video;Very much;Very much;Slightly;Somewhat;Slightly;Slightly;Slightly;Very much;Somewhat;Very much;Slightly;Not at all;Slightly;Slightly;Yes;Yes;The ability to talk to other people.;Somewhat;Very much;Very much;Very much;Very much;Somewhat;Very much;Very much;Somewhat;Very much;Somewhat;Very much;Very much;Very much;Not at all;Slightly;Somewhat;Very much;Very much;Slightly;Somewhat;Very much;Somewhat;Very much;18-23;Male;Bachelor's degree;Not employed, not looking for a job;40,000-49,999;discovery, exploration, state of mind
Europe;4-6;2-3;Never;Very important;Very important;Very important;Slightly important;Family;500-1,500;Need for recreation;Discovery of the natural heritage, Relax and free time;No;Yes;3-4;Twitter, Instagram, YouTube, Facebook;>5;Never;>5;Never;Never;4;Never;Never;Never;Never;Instagram;Somewhat;Somewhat;Somewhat;Slightly;Slightly;Somewhat;Slightly;Slightly;Video, Photo;Not at all;Very much;Slightly;Not at all;Not at all;Slightly;Slightly;Slightly;Slightly;Not at all;Not at all;Not at all;Not at all;Slightly;Maybe;Maybe;Ability to review and discuss with those who have already lived certain experiences;Somewhat;Somewhat;Somewhat;Not at all;Very much;Slightly;Somewhat;Somewhat;Slightly;Somewhat;Very much;Very much;Somewhat;Somewhat;Somewhat;Not at all;Not at all;Somewhat;Somewhat;Not at all;Slightly;Somewhat;Slightly;Slightly;18-23;Male;High school;Not employed, looking for a job;20,000-29,999;EXPERIENCE, RELAXATION, LEISURE
Europe;4-6;4-6;Sometimes;Slightly important;Very important;Not important;Extremely important;Friends;500-1,500;Need for recreation, Need to have new experiences;Discovery of the natural heritage, Relax and free time;No;Yes;>5;Facebook, TikTok, YouTube, Snapchat, Twitter, Twitch, Reddit, Telegram, Instagram;Never;Never;Never;2;Never;>5;<1;2;Never;2;I don't share anything on social networks;Very much;Very much;Slightly;Very much;Slightly;Somewhat;Slightly;Not at all;Photo, Video;Not at all;Slightly;Very much;Very much;Very much;Not at all;Slightly;Not at all;Somewhat;Very much;Slightly;Slightly;Not at all;Slightly;Maybe;Maybe;"Definitely maps, transport, timetables; communication between organized groups of tourists maybe";Very much;Very much;Very much;Slightly;Very much;Somewhat;Very much;Somewhat;Somewhat;Somewhat;Somewhat;Very much;Very much;Slightly;Somewhat;Very much;Somewhat;Very much;Somewhat;Slightly;Somewhat;Very much;Slightly;Very much;18-23;Male;Bachelor's degree;Employed, 40 or more per week;<20,000;culture, emotions, Friends
Europe, North America;13-24;4-6;Sometimes;Very important;Very important;Very important;Very important;Friends;500-1,500;Interest in different cultures, Need for recreation, Need to have new experiences;Activities related to my job / my educational path, Relax and free time, Cultural activities;Yes;Yes;3-4;Facebook, Instagram, YouTube;<1;Never;4;Never;Never;<1;Never;Never;Never;Never;Facebook, Instagram;Very much;Somewhat;Very much;Somewhat;Somewhat;Very much;Somewhat;Very much;Video;Somewhat;Somewhat;Somewhat;Not at all;Somewhat;Very much;Very much;Somewhat;Very much;Very much;Not at all;Slightly;Very much;Very much;Yes;Yes;Map with the places you have seen;Somewhat;Somewhat;Somewhat;Somewhat;Somewhat;Somewhat;Very much;Somewhat;Somewhat;Somewhat;Somewhat;Somewhat;Somewhat;Slightly;Somewhat;Slightly;Somewhat;Somewhat;Somewhat;Somewhat;Very much;Somewhat;Somewhat;Somewhat;30-36;Male;Master's degree;Employed, 1 to 39 per week;20,000-29,999;
Europe;7-12;Once or less;Sometimes;Extremely important;Slightly important;Very important;Very important;Family;500-1,500;Interest in different cultures, Desire to learn new things, Need to have new experiences;Cultural activities, Discovery of the natural heritage;Yes;Yes;>5;Twitch, Instagram, Reddit, YouTube;Never;Never;>5;Never;Never;>5;Never;<1;Never;Never;Instagram;Very much;Very much;Slightly;Very much;Slightly;Somewhat;Somewhat;Very much;Photo, Video;Not at all;Very much;Not at all;Somewhat;Not at all;Slightly;Slightly;Slightly;Slightly;Not at all;Slightly;Not at all;Somewhat;Slightly;Maybe;Yes;Ability to create groups to organize;Very much;Very much;Very much;Very much;Very much;Somewhat;Very much;Very much;Slightly;Very much;Very much;Very much;Very much;Somewhat;Slightly;Somewhat;Very much;Somewhat;Somewhat;Very much;Slightly;Somewhat;Slightly;Somewhat;18-23;Male;High school;Not employed, looking for a job;20,000-29,999;Socialize, visit places of interest, have fun
Europe;4-6;Once or less;Never;Extremely important;Extremely important;Slightly important;Slightly important;Family;500-1,500;Need to have new experiences, Interest in different cultures;Cultural activities, Relax and free time, Discovery of the natural heritage;Yes;Yes;3-4;Facebook, Telegram, TikTok, Pinterest, Instagram, Twitter, Snapchat, YouTube, Twitch;<1;Never;3;Never;<1;Never;Never;Never;Never;Never;Instagram;Very much;Somewhat;Somewhat;Somewhat;Slightly;Slightly;Somewhat;Very much;Video, Photo;Very much;Very much;Somewhat;Very much;Slightly;Slightly;Slightly;Somewhat;Very much;Very much;Not at all;Slightly;Somewhat;Slightly;Yes;No;I don't know;Not at all;Somewhat;Somewhat;Not at all;Very much;Not at all;Very much;Very much;Not at all;Somewhat;Not at all;Not at all;Very much;Not at all;Not at all;Slightly;Slightly;Somewhat;Not at all;Not at all;Not at all;Not at all;Not at all;Slightly;18-23;Female;High school;Employed, 1 to 39 per week;<20,000;happiness, amazement, interest
Europe;4-6;2-3;Never;Very important;Extremely important;Slightly important;Very important;Family;<500;Interest in different cultures, Need for recreation, Need to have new experiences;Relax and free time, Activities related to my job / my educational path, Cultural activities;Yes;Yes;3-4;Snapchat, Pinterest, TikTok, Twitch, Telegram, Instagram, Twitter, YouTube;Never;4;3;<1;<1;2;Never;Never;Never;Never;Instagram;Very much;Somewhat;Slightly;Very much;Somewhat;Very much;Somewhat;Slightly;Photo, Video;Somewhat;Very much;Slightly;Not at all;Slightly;Somewhat;Somewhat;Slightly;Slightly;Slightly;Slightly;Somewhat;Somewhat;Slightly;Maybe;Yes;I don't know;Very much;Very much;Very much;Very much;Very much;Somewhat;Very much;Very much;Very much;Very much;Very much;Very much;Very much;Very much;Slightly;Very much;Very much;Very much;Very much;Very much;Somewhat;Very much;Very much;Very much;18-23;Female;High school;Employed, 1 to 39 per week;20,000-29,999;fun, experience, culture
Europe, North America, South America;7-12;Once or less;Sometimes;Very important;Very important;Slightly important;Slightly important;Friends;500-1,500;Need for recreation, Need to have new experiences;Relax and free time;No;Yes;3-4;YouTube, Telegram, Twitter, Instagram, TikTok, Facebook, Pinterest;2;Never;>5;Never;<1;<1;Never;Never;Never;Never;Instagram;Somewhat;Somewhat;Somewhat;Very much;Somewhat;Somewhat;Somewhat;Somewhat;Photo;Not at all;Very much;Somewhat;Not at all;Not at all;Not at all;Not at all;Not at all;Very much;Not at all;Not at all;Not at all;Not at all;Somewhat;Maybe;Maybe;Personalized itineraries;Slightly;Slightly;Slightly;Somewhat;Very much;Slightly;Somewhat;Somewhat;Slightly;Slightly;Somewhat;Somewhat;Somewhat;Slightly;Somewhat;Slightly;Somewhat;Somewhat;Somewhat;Slightly;Slightly;Somewhat;Slightly;Slightly;30-36;Female;Master's degree;Employed, 1 to 39 per week;40,000-49,999;lightheartedness, relax, fun 
Europe;4-6;Once or less;Never;Slightly important;Slightly important;Not important;Slightly important;Friends;500-1,500;Need to have new experiences, Interest in different cultures, Need for recreation;Sport, Discovery of the natural heritage, Relax and free time;Maybe;Yes;4-5;Twitter, Snapchat, TikTok, Facebook, YouTube, Pinterest, Twitch, Telegram, Instagram;<1;3;2;<1;Never;2;Never;Never;Never;Never;Instagram;Very much;Somewhat;Very much;Very much;Somewhat;Somewhat;Somewhat;Slightly;Photo, Video;Slightly;Somewhat;Slightly;Very much;Somewhat;Somewhat;Somewhat;Slightly;Slightly;Not at all;Slightly;Slightly;Slightly;Slightly;Maybe;Maybe;I don't know;Somewhat;Slightly;Slightly;Slightly;Very much;Somewhat;Somewhat;Somewhat;Somewhat;Somewhat;Somewhat;Slightly;Somewhat;Somewhat;Somewhat;Slightly;Somewhat;Very much;Somewhat;Slightly;Very much;Somewhat;Somewhat;Slightly;18-23;Female;Bachelor's degree;Employed, 1 to 39 per week;40,000-49,999;Sensations, live, explore
Europe, Africa, North America, South America;13-24;Once or less;Never;Extremely important;Very important;Slightly important;Very important;Friends;<500;Need for recreation, Need to have new experiences, Want to meet new people;Relax and free time, Cultivation of my hobbies, Cultural activities;Yes;Yes;>5;Snapchat, Twitter, YouTube, TikTok, Instagram, Facebook, Telegram, Pinterest;2;4;4;Never;<1;2;Never;Never;<1;<1;TikTok, Snapchat, Facebook, Instagram;Very much;Very much;Somewhat;Very much;Very much;Very much;Very much;Very much;Photo, Video;Slightly;Very much;Somewhat;Very much;Slightly;Somewhat;Somewhat;Somewhat;Very much;Slightly;Slightly;Slightly;Very much;Somewhat;Yes;Maybe;The sharing;Very much;Very much;Very much;Very much;Very much;Somewhat;Very much;Very much;Somewhat;Very much;Very much;Somewhat;Very much;Somewhat;Not at all;Somewhat;Somewhat;Very much;Somewhat;Somewhat;Somewhat;Very much;Slightly;Very much;24-29;Female;High school;Employed, 1 to 39 per week;30,000-39,999;Freedom, fun, relaxation
Asia;4-6;7-12;Never;Slightly important;Very important;Slightly important;Very important;Solo;500-1,500;Interest in different cultures, Need to have new experiences;Relax and free time;Maybe;Yes;2-3;Facebook, TikTok, Telegram, Twitter, Instagram, YouTube, Twitch;Never;<1;2;Never;Never;2;<1;Never;Never;<1;Instagram;Somewhat;Very much;Very much;Somewhat;Somewhat;Very much;Slightly;Very much;Photo;Very much;Very much;Somewhat;Very much;Very much;Somewhat;Somewhat;Slightly;Very much;Slightly;Slightly;Very much;Somewhat;Very much;Yes;Yes;Photographs;Somewhat;Slightly;Very much;Slightly;Very much;Very much;Very much;Very much;Somewhat;Slightly;Very much;Somewhat;Very much;Somewhat;Slightly;Somewhat;Somewhat;Somewhat;Somewhat;Slightly;Very much;Somewhat;Very much;Very much;18-23;Male;High school;Employed, 40 or more per week;>100,000;Fun peace music
Europe;7-12;4-6;Never;Very important;Extremely important;Extremely important;Very important;Family;500-1,500;Need to have new experiences;Relax and free time;Maybe;Yes;1-2;Instagram, Facebook, YouTube, Twitter, Snapchat, Pinterest, Twitch, Telegram, TikTok;Never;<1;<1;Never;Never;Never;Never;Never;Never;Never;I don't share anything on social networks;Very much;Somewhat;Very much;Somewhat;Slightly;Slightly;Slightly;Somewhat;Photo;Slightly;Somewhat;Slightly;Somewhat;Slightly;Slightly;Slightly;Slightly;Somewhat;Slightly;Somewhat;Slightly;Slightly;Slightly;Maybe;Maybe;Automatic photo reordering;Slightly;Very much;Somewhat;Somewhat;Very much;Slightly;Very much;Somewhat;Somewhat;Somewhat;Somewhat;Slightly;Somewhat;Slightly;Slightly;Somewhat;Somewhat;Somewhat;Somewhat;Somewhat;Somewhat;Somewhat;Somewhat;Somewhat;<18;Female;Middle school;Not employed, not looking for a job;30,000-39,999;space, time, fun
Europe;7-12;26-50;Often;Slightly important;Very important;Slightly important;Very important;Solo;<500;Visit my mother;Relax and free time;Yes;Yes;4-5;Snapchat, TikTok, Facebook, Instagram, Pinterest, YouTube;Never;Never;Never;Never;<1;3;Never;Never;Never;Never;I don't have any kind of social media;Somewhat;Somewhat;Slightly;Slightly;Slightly;Slightly;Slightly;Slightly;Video;Not at all;Not at all;Not at all;Slightly;Not at all;Slightly;Slightly;Not at all;Not at all;Not at all;Slightly;Not at all;Not at all;Not at all;Maybe;Maybe;I don't know;Not at all;Slightly;Not at all;Not at all;Not at all;Not at all;Somewhat;Slightly;Not at all;Slightly;Not at all;Not at all;Slightly;Not at all;Not at all;Not at all;Not at all;Slightly;Slightly;Not at all;Not at all;Not at all;Not at all;Slightly;<18;Female;Middle school;Not employed, looking for a job;<20,000;Passion, happiness, beautiful
Europe;7-12;13-25;Never;Very important;Very important;Slightly important;Very important;Partner;500-1,500;Need for recreation;Relax and free time;Maybe;Yes;1-2;YouTube, Twitter, Instagram, Facebook;2;Never;Never;Never;Never;<1;Never;Never;Never;Never;Facebook;Slightly;Somewhat;Slightly;Somewhat;Somewhat;Slightly;Not at all;Slightly;Photo;Very much;Somewhat;Slightly;Not at all;Very much;Slightly;Slightly;Very much;Slightly;Somewhat;Not at all;Slightly;Not at all;Not at all;Maybe;Maybe;Ease of use;Very much;Slightly;Slightly;Slightly;Very much;Somewhat;Somewhat;Very much;Slightly;Somewhat;Very much;Somewhat;Somewhat;Somewhat;Slightly;Somewhat;Somewhat;Very much;Very much;Somewhat;Slightly;Somewhat;Very much;Slightly;30-36;Male;High school;Employed, 40 or more per week;30,000-39,999;Leisure, relaxation, experience
Europe;7-12;2-3;Never;Very important;Extremely important;Very important;Very important;Friends;500-1,500;Interest in different cultures, Need for recreation, Work needs;Discovery of the natural heritage, Cultural activities, Relax and free time;Yes;Yes;2-3;YouTube, Twitter, TikTok, Pinterest, Facebook, Snapchat, Telegram;<1;Never;2;Never;Never;<1;Never;Never;Never;Never;Instagram;Somewhat;Very much;Somewhat;Very much;Slightly;Somewhat;Somewhat;Somewhat;Photo, Video;Not at all;Very much;Not at all;Not at all;Not at all;Somewhat;Somewhat;Not at all;Very much;Not at all;Not at all;Not at all;Slightly;Slightly;Maybe;Maybe;Ability to collaborate on the app with travel companions;Very much;Somewhat;Somewhat;Somewhat;Very much;Not at all;Somewhat;Somewhat;Slightly;Slightly;Slightly;Not at all;Slightly;Slightly;Slightly;Slightly;Slightly;Slightly;Somewhat;Not at all;Not at all;Somewhat;Not at all;Very much;24-29;Female;Master's degree;Not employed, looking for a job;30,000-39,999;adventure, relax, experience
Europe;4-6;Once or less;Sometimes;Very important;Very important;Slightly important;Slightly important;Family;500-1,500;Need for recreation;Relax and free time, Discovery of the natural heritage;Yes;Yes;<1;Facebook, YouTube;<1;Never;Never;Never;Never;2;Never;Never;Never;Never;I don't share anything on social networks;Very much;Very much;Somewhat;Very much;Somewhat;Very much;Somewhat;Slightly;Video, Photo;Not at all;Slightly;Not at all;Not at all;Slightly;Somewhat;Somewhat;Not at all;Slightly;Not at all;Not at all;Slightly;Somewhat;Somewhat;Yes;No;None;Slightly;Somewhat;Slightly;Somewhat;Somewhat;Slightly;Somewhat;Somewhat;Slightly;Somewhat;Somewhat;Slightly;Somewhat;Slightly;Somewhat;Somewhat;Somewhat;Somewhat;Somewhat;Slightly;Slightly;Slightly;Slightly;Somewhat;42-47;Female;High school;Employed, 1 to 39 per week;20,000-29,999;Emotion, knowledge, relax
Europe, Asia, Oceania;7-12;13-25;Sometimes;Very important;Very important;Slightly important;Slightly important;Partner;500-1,500;Desire to learn new things, Need for recreation, Work needs;Cultivation of my hobbies, Activities related to my job / my educational path, Sport;Yes;Yes;3-4;Telegram, TikTok, Facebook, Instagram, Pinterest, YouTube;<1;<1;2;Never;2;<1;Never;Never;Never;<1;Instagram, Facebook;Very much;Somewhat;Very much;Very much;Slightly;Somewhat;Somewhat;Slightly;Photo, Video;Very much;Very much;Somewhat;Not at all;Somewhat;Slightly;Somewhat;Very much;Very much;Somewhat;Not at all;Slightly;Slightly;Somewhat;Yes;Yes;Possibility of obtaining achievements convertible into crypto.;Slightly;Very much;Very much;Somewhat;Very much;Slightly;Somewhat;Very much;Slightly;Very much;Somewhat;Slightly;Somewhat;Very much;Not at all;Somewhat;Somewhat;Somewhat;Somewhat;Slightly;Very much;Very much;Somewhat;Very much;24-29;Female;Master's degree;Employed, 1 to 39 per week;40,000-49,999;Fun, Experience, Discovery
Europe;4-6;2-3;Sometimes;Very important;Very important;Slightly important;Very important;Partner;500-1,500;Need to have new experiences;Cultivation of my hobbies;Maybe;Yes;2-3;Facebook, YouTube, Twitch, TikTok, Telegram, Instagram;<1;<1;>5;Never;Never;2;<1;Never;Never;<1;Instagram;Somewhat;Very much;Slightly;Somewhat;Slightly;Slightly;Somewhat;Very much;Video, Photo;Slightly;Very much;Very much;Slightly;Slightly;Somewhat;Somewhat;Slightly;Somewhat;Very much;Not at all;Slightly;Somewhat;Somewhat;Yes;Yes;A method for plng the days, the possibility of putting people in contact in the same place, booking activities of that place;Somewhat;Somewhat;Very much;Somewhat;Very much;Somewhat;Somewhat;Somewhat;Very much;Somewhat;Very much;Somewhat;Very much;Slightly;Slightly;Somewhat;Somewhat;Somewhat;Very much;Somewhat;Very much;Very much;Slightly;Very much;24-29;Male;High school;Employed, 1 to 39 per week;30,000-39,999;Relax, freedom, discover new places
Europe, Oceania;7-12;2-3;Never;Extremely important;Very important;Slightly important;Very important;Solo;500-1,500;Need to have new experiences, Desire to learn new things, Interest in different cultures;Relax and free time, Cultivation of my hobbies, Discovery of the natural heritage;Maybe;Yes;>5;Pinterest, YouTube, TikTok, Instagram, Facebook, Twitter, Telegram, Snapchat;>5;Never;Never;Never;Never;>5;Never;Never;Never;Never;I don't share anything on social networks;Very much;Very much;Somewhat;Very much;Somewhat;Slightly;Very much;Slightly;Photo, Video;Not at all;Somewhat;Somewhat;Not at all;Somewhat;Somewhat;Somewhat;Not at all;Very much;Somewhat;Not at all;Somewhat;Somewhat;Somewhat;Yes;Yes;The option to sell their shots that have come out particularly well ... sell them to local agencies that want to promote their destination ... I think using images and videos that have come out particularly well and created by real tourists could be a good way for travel agencies. use genuine and real content to promote themselves, while tourists would see their work appreciated, receiving a reward;Somewhat;Very much;Very much;Very much;Very much;Slightly;Slightly;Very much;Somewhat;Very much;Very much;Very much;Very much;Somewhat;Slightly;Very much;Somewhat;Very much;Very much;Somewhat;Somewhat;Very much;Very much;Very much;24-29;Female;Bachelor's degree;Not employed, not looking for a job;<20,000;News, experience, freedom
Europe;<3;Once or less;Sometimes;Very important;Very important;Slightly important;Slightly important;Family;500-1,500;Need for recreation;Relax and free time;Maybe;Yes;2-3;Snapchat, YouTube, Facebook, Instagram, Pinterest, Telegram;Never;Never;<1;Never;Never;<1;Never;Never;Never;<1;I don't share anything on social networks;Somewhat;Somewhat;Somewhat;Somewhat;Somewhat;Somewhat;Somewhat;Somewhat;Photo;Slightly;Slightly;Slightly;Slightly;Slightly;Slightly;Slightly;Slightly;Somewhat;Slightly;Somewhat;Slightly;Somewhat;Slightly;Maybe;Maybe;A tool for plng trips based on the experiences of other users.;Slightly;Slightly;Somewhat;Somewhat;Somewhat;Slightly;Slightly;Somewhat;Slightly;Somewhat;Slightly;Slightly;Somewhat;Slightly;Slightly;Slightly;Slightly;Slightly;Somewhat;Slightly;Slightly;Somewhat;Slightly;Slightly;24-29;Female;High school;Employed, 40 or more per week;30,000-39,999;Freedom, carefree, relaxation
Europe, Africa;4-6;2-3;Sometimes;Extremely important;Extremely important;Slightly important;Slightly important;Friends;<500;Need for recreation;Discovery of the natural heritage, Relax and free time;Maybe;Yes;1-2;Facebook, YouTube;Never;Never;Never;Never;Never;Never;Never;Never;<1;Never;Facebook;Very much;Somewhat;Somewhat;Very much;Very much;Somewhat;Somewhat;Somewhat;Photo;Not at all;Somewhat;Not at all;Not at all;Not at all;Not at all;Slightly;Not at all;Somewhat;Not at all;Not at all;Not at all;Not at all;Not at all;No;No;I do not know;Slightly;Somewhat;Slightly;Slightly;Slightly;Slightly;Slightly;Slightly;Slightly;Slightly;Slightly;Slightly;Slightly;Slightly;Slightly;Slightly;Slightly;Slightly;Slightly;Slightly;Slightly;Slightly;Slightly;Slightly;42-47;Male;High school;Employed, 1 to 39 per week;<20,000;Relax, admire and discover
Europe;<3;Once or less;Never;Very important;Extremely important;Slightly important;Extremely important;Friends;<500;Need to have new experiences, Interest in different cultures, Desire to learn new things;Discovery of the natural heritage, Cultivation of my hobbies, Cultural activities;No;Yes;2-3;Pinterest, YouTube, Instagram, TikTok, Reddit, Twitter, Facebook;Never;Never;Never;Never;<1;2;Never;Never;Never;Never;I don't share anything on social networks;Very much;Very much;Somewhat;Very much;Slightly;Slightly;Not at all;Not at all;Photo, Video;Slightly;Very much;Somewhat;Somewhat;Slightly;Slightly;Slightly;Slightly;Slightly;Slightly;Slightly;Slightly;Somewhat;Slightly;Yes;Yes;Split multimedia based on location as well as date;Slightly;Slightly;Slightly;Slightly;Very much;Slightly;Very much;Very much;Slightly;Very much;Somewhat;Somewhat;Very much;Somewhat;Somewhat;Very much;Somewhat;Somewhat;Very much;Somewhat;Somewhat;Very much;Somewhat;Somewhat;18-23;Female;Bachelor's degree;Employed, 1 to 39 per week;30,000-39,999;Exploration, knowledge, freedom
Europe;4-6;Once or less;Sometimes;Extremely important;Extremely important;Not important;Very important;Friends;500-1,500;Need to have new experiences, Need for recreation;Relax and free time;No;Yes;>5;Reddit, Twitter, YouTube, Pinterest, Telegram, Instagram, Snapchat, Twitch, TikTok, Facebook;<1;3;<1;Never;Never;3;<1;Never;Never;3;I don't share anything on social networks;Very much;Very much;Very much;Very much;Slightly;Somewhat;Somewhat;Slightly;Photo, Video;Slightly;Somewhat;Slightly;Very much;Slightly;Very much;Very much;Slightly;Somewhat;Slightly;Very much;Slightly;Very much;Very much;Yes;Yes;It should have several photo / video / audio facts divided for the different trips perhaps with maps of the places visited and additional information on the latter;Very much;Very much;Very much;Somewhat;Very much;Somewhat;Very much;Very much;Somewhat;Somewhat;Somewhat;Very much;Somewhat;Somewhat;Very much;Very much;Somewhat;Very much;Very much;Somewhat;Very much;Very much;Somewhat;Very much;18-23;Male;High school;Not employed, looking for a job;20,000-29,999;Fun, relaxation, happiness
Europe;4-6;4-6;Never;Very important;Extremely important;Slightly important;Very important;Partner;500-1,500;Need to have new experiences, Need for recreation;Cultural activities;Yes;Yes;>5;Pinterest, YouTube, Snapchat, Instagram, Facebook, Twitter, Telegram, TikTok;<1;2;2;Never;Never;Never;Never;Never;Never;Never;Instagram;Very much;Very much;Slightly;Very much;Slightly;Slightly;Somewhat;Somewhat;Video;Slightly;Very much;Somewhat;Not at all;Slightly;Somewhat;Somewhat;Not at all;Very much;Somewhat;Not at all;Slightly;Slightly;Slightly;Yes;Yes;It has to be intuitive;Somewhat;Very much;Very much;Somewhat;Very much;Not at all;Very much;Somewhat;Slightly;Somewhat;Very much;Very much;Very much;Somewhat;Slightly;Slightly;Slightly;Somewhat;Somewhat;Slightly;Not at all;Somewhat;Not at all;Somewhat;24-29;Female;High school;Employed, 40 or more per week;30,000-39,999;Freedom relax new acquaintances
Europe;4-6;2-3;Never;Extremely important;Very important;Slightly important;Slightly important;Friends;<500;Desire to learn new things, Need for recreation, Interest in different cultures;Relax and free time, Sport, Discovery of the natural heritage;Yes;Yes;4-5;Pinterest, Instagram, Facebook;4;4;>5;Never;<1;2;Never;Never;Never;<1;Instagram;Very much;Very much;Somewhat;Somewhat;Very much;Very much;Somewhat;Somewhat;Photo, Video;Slightly;Very much;Somewhat;Somewhat;Slightly;Very much;Somewhat;Somewhat;Somewhat;Very much;Slightly;Slightly;Slightly;Somewhat;Yes;Yes;Store the photos and the path;Very much;Very much;Very much;Somewhat;Somewhat;Somewhat;Very much;Very much;Very much;Very much;Very much;Somewhat;Very much;Somewhat;Somewhat;Very much;Slightly;Very much;Very much;Somewhat;Somewhat;Very much;Slightly;Somewhat;18-23;Female;High school;Not employed, not looking for a job;80,000-89,999;Leisure, fun, educational
Europe;4-6;Once or less;Never;Extremely important;Very important;Slightly important;Slightly important;Partner;<500;Need for recreation;Relax and free time;Maybe;Yes;4-5;YouTube, Pinterest, Telegram, Instagram, Snapchat, Twitch, Twitter, TikTok, Facebook;3;Never;>5;Never;Never;<1;Never;Never;<1;2;Facebook, Instagram;Somewhat;Somewhat;Somewhat;Somewhat;Slightly;Somewhat;Not at all;Very much;Photo, Video;Not at all;Very much;Not at all;Not at all;Not at all;Somewhat;Somewhat;Not at all;Very much;Not at all;Not at all;Not at all;Not at all;Not at all;Maybe;Yes;Discounts;Not at all;Very much;Very much;Somewhat;Not at all;Not at all;Somewhat;Very much;Not at all;Not at all;Somewhat;Slightly;Somewhat;Not at all;Not at all;Not at all;Slightly;Somewhat;Very much;Not at all;Not at all;Somewhat;Not at all;Not at all;18-23;Female;Bachelor's degree;Not employed, looking for a job;<20,000;
Europe;<3;Once or less;Never;Very important;Very important;Slightly important;Slightly important;Friends;<500;Interest in different cultures;Cultivation of my hobbies, Sport, Relax and free time;Yes;Yes;2-3;Facebook, Instagram, YouTube;<1;Never;<1;Never;Never;<1;Never;Never;Never;Never;I don't share anything on social networks;Somewhat;Somewhat;Somewhat;Somewhat;Slightly;Somewhat;Somewhat;Slightly;Video, Photo;Slightly;Somewhat;Slightly;Slightly;Slightly;Slightly;Slightly;Slightly;Somewhat;Slightly;Slightly;Slightly;Slightly;Slightly;Maybe;Yes;Advice on particular places;Somewhat;Somewhat;Somewhat;Somewhat;Very much;Somewhat;Somewhat;Somewhat;Somewhat;Somewhat;Somewhat;Somewhat;Somewhat;Somewhat;Somewhat;Somewhat;Somewhat;Somewhat;Somewhat;Somewhat;Somewhat;Very much;Somewhat;Somewhat;24-29;Male;High school;Not employed, looking for a job;<20,000;Adventure, friendship, emotions
Europe;7-12;7-12;Sometimes;Very important;Extremely important;Slightly important;Very important;Friends;500-1,500;Need to have new experiences, Need for recreation, Interest in different cultures;Relax and free time, Cultural activities, Discovery of the natural heritage;Maybe;Yes;1-2;TikTok, Instagram, Telegram, Twitter, Facebook, YouTube, Pinterest, Snapchat;<1;Never;2;Never;Never;<1;Never;Never;Never;Never;Facebook, Instagram;Very much;Very much;Somewhat;Very much;Somewhat;Somewhat;Slightly;Slightly;Video, Photo;Slightly;Very much;Slightly;Not at all;Slightly;Somewhat;Not at all;Slightly;Very much;Somewhat;Not at all;Slightly;Slightly;Not at all;No;Maybe;Possibility to view the best offers regarding transport and accommodation and to book the most particular experiences;Slightly;Slightly;Slightly;Slightly;Very much;Slightly;Somewhat;Very much;Somewhat;Very much;Very much;Very much;Very much;Slightly;Slightly;Somewhat;Slightly;Somewhat;Very much;Slightly;Slightly;Somewhat;Slightly;Slightly;18-23;Female;Bachelor's degree;Employed, 1 to 39 per week;20,000-29,999;Culture, recharge, experience
Europe;4-6;2-3;Never;Very important;Very important;Slightly important;Very important;Partner;500-1,500;Interest in different cultures, Need to have new experiences;Discovery of the natural heritage, Cultural activities, Relax and free time;No;Yes;1-2;Facebook, YouTube, Instagram, Twitter;<1;Never;<1;<1;Never;<1;Never;Never;Never;Never;Instagram;Very much;Somewhat;Slightly;Somewhat;Somewhat;Somewhat;Slightly;Slightly;Video, Photo;Not at all;Slightly;Not at all;Not at all;Not at all;Not at all;Not at all;Slightly;Slightly;Slightly;Slightly;Slightly;Slightly;Slightly;Yes;No;I do not know;Slightly;Not at all;Not at all;Somewhat;Somewhat;Not at all;Somewhat;Somewhat;Not at all;Somewhat;Somewhat;Somewhat;Very much;Somewhat;Slightly;Slightly;Not at all;Somewhat;Slightly;Slightly;Not at all;Slightly;Not at all;Not at all;24-29;Female;Bachelor's degree;Employed, 40 or more per week;20,000-29,999;
Europe;4-6;2-3;Never;Very important;Extremely important;Not important;Slightly important;Friends;500-1,500;Need for recreation;Relax and free time;No;Yes;3-4;Instagram;Never;Never;>5;Never;Never;<1;Never;Never;Never;Never;Instagram;Somewhat;Very much;Not at all;Very much;Not at all;Very much;Slightly;Somewhat;Photo, Video;Not at all;Very much;Not at all;Not at all;Very much;Very much;Not at all;Very much;Not at all;Not at all;Not at all;Not at all;Very much;Not at all;No;No;I have no opinions on this;Very much;Somewhat;Very much;Very much;Very much;Slightly;Slightly;Very much;Not at all;Not at all;Very much;Somewhat;Very much;Slightly;Very much;Very much;Very much;Slightly;Very much;Somewhat;Slightly;Very much;Slightly;Somewhat;18-23;Male;Bachelor's degree;Not employed, looking for a job;30,000-39,999;Serenity, relax, peace
Europe, Africa, Oceania;7-12;7-12;Never;Very important;Very important;Not important;Very important;Partner;500-1,500;Desire to learn new things, Need for recreation, Interest in different cultures;Cultural activities, Discovery of the natural heritage;Maybe;Yes;4-5;Instagram, Pinterest, Telegram, YouTube;Never;Never;>5;Never;<1;<1;Never;Never;Never;>5;Instagram;Very much;Very much;Very much;Very much;Very much;Very much;Very much;Very much;Photo;Not at all;Very much;Very much;Not at all;Slightly;Not at all;Not at all;Not at all;Somewhat;Very much;Not at all;Somewhat;Not at all;Not at all;Maybe;Yes;Possibility of sponsoring by restaurants / hotels / businesses;Very much;Very much;Somewhat;Somewhat;Very much;Not at all;Somewhat;Very much;Not at all;Somewhat;Very much;Somewhat;Very much;Slightly;Somewhat;Very much;Somewhat;Very much;Somewhat;Slightly;Slightly;Very much;Not at all;Slightly;30-36;Female;Master's degree;Employed, 1 to 39 per week;20,000-29,999;
Europe;<3;Once or less;Sometimes;Very important;Very important;Very important;Slightly important;Family;500-1,500;Need for recreation, Need to have new experiences;Relax and free time, Sport;No;Yes;1-2;Instagram;Never;Never;3;Never;Never;Never;Never;Never;Never;Never;Instagram;Slightly;Somewhat;Slightly;Somewhat;Not at all;Slightly;Slightly;Somewhat;Photo;Not at all;Slightly;Not at all;Not at all;Not at all;Not at all;Not at all;Slightly;Slightly;Not at all;Not at all;Not at all;Not at all;Not at all;Maybe;Maybe;Easy to use;Not at all;Slightly;Not at all;Slightly;Slightly;Not at all;Somewhat;Slightly;Not at all;Slightly;Slightly;Slightly;Somewhat;Not at all;Not at all;Slightly;Somewhat;Slightly;Slightly;Slightly;Not at all;Somewhat;Not at all;Slightly;18-23;Female;High school;Not employed, not looking for a job;30,000-39,999;Freedom, fun, discovery
Europe, North America, South America;13-24;4-6;Sometimes;Very important;Very important;Very important;Slightly important;Friends;500-1,500;Need for recreation, Interest in different cultures, Need to have new experiences;Relax and free time, Discovery of the natural heritage, Cultivation of my hobbies;Maybe;Yes;>5;Twitter, Instagram, Twitch, Telegram, Pinterest, Reddit, Facebook, YouTube, TikTok;3;<1;>5;>5;<1;>5;4;<1;Never;>5;Instagram;Very much;Very much;Very much;Very much;Somewhat;Very much;Somewhat;Slightly;Video, Photo, Audio;Somewhat;Very much;Somewhat;Somewhat;Somewhat;Slightly;Slightly;Somewhat;Somewhat;Somewhat;Not at all;Slightly;Somewhat;Somewhat;Maybe;Yes;Integration with external systems (for example for tracking of physical activities). Possibility to mark the paths and be able to share it with others. Export of your data in readable format by other applications (gpx, google maps, activities).;Somewhat;Very much;Somewhat;Very much;Very much;Very much;Somewhat;Very much;Very much;Very much;Somewhat;Somewhat;Very much;Very much;Somewhat;Slightly;Very much;Very much;Somewhat;Somewhat;Slightly;Somewhat;Not at all;Somewhat;24-29;Male;High school;Employed, 40 or more per week;30,000-39,999;
Europe;7-12;2-3;Sometimes;Very important;Very important;Slightly important;Very important;Family;500-1,500;Need for recreation, Need to have new experiences, Interest in different cultures;Relax and free time, Discovery of the natural heritage;Maybe;Yes;>5;Telegram, Facebook, Snapchat, Instagram, Reddit, Twitter, TikTok, YouTube, Twitch;Never;4;>5;<1;Never;3;4;<1;Never;2;Instagram;Very much;Somewhat;Slightly;Very much;Slightly;Somewhat;Somewhat;Somewhat;Photo, Video;Slightly;Very much;Slightly;Slightly;Somewhat;Slightly;Somewhat;Slightly;Very much;Slightly;Slightly;Somewhat;Somewhat;Somewhat;Yes;Maybe;I do not know;Somewhat;Somewhat;Somewhat;Somewhat;Somewhat;Slightly;Somewhat;Very much;Slightly;Somewhat;Somewhat;Slightly;Somewhat;Slightly;Slightly;Somewhat;Slightly;Slightly;Somewhat;Slightly;Slightly;Somewhat;Slightly;Slightly;18-23;Male;High school;Not employed, not looking for a job;30,000-39,999;Discovery, curiosity, entertainment
Europe;4-6;2-3;Never;Very important;Extremely important;Extremely important;Slightly important;Family;500-1,500;Need for recreation;Sport;No;Yes;<1;YouTube, Instagram;Never;Never;<1;Never;Never;<1;Never;Never;Never;Never;Instagram;Very much;Very much;Very much;Very much;Slightly;Slightly;Somewhat;Slightly;Photo;Not at all;Very much;Not at all;Not at all;Not at all;Not at all;Not at all;Not at all;Slightly;Not at all;Not at all;Not at all;Not at all;Not at all;Maybe;Yes;I do not know;Not at all;Slightly;Not at all;Somewhat;Very much;Not at all;Slightly;Somewhat;Not at all;Not at all;Not at all;Not at all;Not at all;Not at all;Not at all;Slightly;Not at all;Not at all;Not at all;Not at all;Not at all;Not at all;Not at all;Not at all;<18;Male;High school;Employed, 1 to 39 per week;<20,000;Nature, leisure, sport
Europe;7-12;7-12;Never;Very important;Very important;Very important;Very important;Partner;500-1,500;Interest in different cultures, Need to have new experiences, Desire to learn new things;Cultural activities, Discovery of the natural heritage, Relax and free time;Maybe;Yes;4-5;Pinterest, YouTube, Instagram, Facebook, Telegram, Snapchat, Twitter, TikTok;2;<1;3;Never;Never;<1;Never;Never;Never;Never;Instagram, Facebook;Very much;Somewhat;Very much;Very much;Slightly;Slightly;Somewhat;Very much;Video, Photo;Not at all;Very much;Somewhat;Slightly;Not at all;Not at all;Slightly;Slightly;Very much;Somewhat;Slightly;Slightly;Not at all;Somewhat;Yes;Yes;Direct links for the use of other related apps such as social media for sharing or flight / hotel booking apps;Somewhat;Very much;Somewhat;Somewhat;Very much;Somewhat;Very much;Very much;Slightly;Somewhat;Very much;Slightly;Very much;Slightly;Very much;Somewhat;Somewhat;Somewhat;Very much;Slightly;Very much;Very much;Slightly;Slightly;24-29;Female;High school;Employed, 40 or more per week;20,000-29,999;Discoveries, fun, emotions
Europe;4-6;7-12;Never;Very important;Very important;Very important;Slightly important;Family;<500;Need for recreation, Desire to learn new things;Cultivation of my hobbies, Discovery of the natural heritage, Cultural activities;Yes;Yes;2-3;Instagram, TikTok, YouTube, Snapchat, Telegram, Facebook;<1;Never;<1;Never;Never;2;Never;Never;Never;<1;Instagram;Very much;Very much;Somewhat;Very much;Slightly;Slightly;Somewhat;Slightly;Photo;Slightly;Very much;Somewhat;Somewhat;Slightly;Slightly;Slightly;Slightly;Somewhat;Slightly;Somewhat;Slightly;Slightly;Slightly;No;No;None;Very much;Somewhat;Somewhat;Somewhat;Somewhat;Not at all;Slightly;Very much;Not at all;Not at all;Slightly;Somewhat;Slightly;Somewhat;Not at all;Not at all;Somewhat;Somewhat;Not at all;Somewhat;Not at all;Slightly;Not at all;Slightly;24-29;Male;Bachelor's degree;Employed, 1 to 39 per week;<20,000;
Europe, Asia, Africa, Oceania, North America;25-50;7-12;Sometimes;Very important;Very important;Very important;Very important;Partner;500-1,500;Need to have new experiences, Interest in different cultures, Desire to learn new things;Discovery of the natural heritage, Sport, Cultural activities;Maybe;Yes;3-4;Facebook, Instagram, TikTok, YouTube;<1;Never;2;Never;Never;Never;Never;Never;Never;Never;Instagram;Very much;Very much;Very much;Very much;Slightly;Very much;Somewhat;Somewhat;Video, Photo;Slightly;Very much;Slightly;Not at all;Somewhat;Somewhat;Slightly;Slightly;Somewhat;Slightly;Not at all;Slightly;Slightly;Slightly;No;Maybe;Sharing guides even from well know publishers;Somewhat;Somewhat;Somewhat;Somewhat;Very much;Slightly;Slightly;Very much;Slightly;Slightly;Somewhat;Somewhat;Somewhat;Slightly;Slightly;Somewhat;Somewhat;Somewhat;Somewhat;Slightly;Slightly;Somewhat;Slightly;Slightly;30-36;Female;Master's degree;Employed, 1 to 39 per week;40,000-49,999;Freedom, discovery, meaning of life
Europe;<3;2-3;Never;Very important;Extremely important;Very important;Extremely important;Partner;<500;Desire to learn new things;Discovery of the natural heritage;Maybe;Yes;1-2;Telegram, Facebook, Instagram, Pinterest;Never;Never;3;Never;<1;Never;Never;Never;Never;<1;Instagram;Very much;Very much;Very much;Very much;Somewhat;Somewhat;Very much;Somewhat;Photo;Not at all;Somewhat;Not at all;Slightly;Not at all;Not at all;Slightly;Not at all;Somewhat;Not at all;Slightly;Not at all;Not at all;Not at all;Maybe;Yes;The ability to create a map / route of the trip that can be easily consulted and maybe where you can insert photos or suggestions for other users (or ask them).;Somewhat;Very much;Very much;Very much;Very much;Somewhat;Very much;Very much;Somewhat;Very much;Very much;Very much;Very much;Somewhat;Not at all;Slightly;Very much;Very much;Very much;Not at all;Very much;Very much;Slightly;Somewhat;24-29;Female;Bachelor's degree;Employed, 1 to 39 per week;20,000-29,999;Emotions, Discovery, Joy
Europe, Asia, South America;4-6;2-3;Never;Very important;Extremely important;Very important;Very important;Partner;500-1,500;Want to meet new people, Interest in different cultures, Need to have new experiences;Cultivation of my hobbies, Discovery of the natural heritage, Relax and free time;Yes;Yes;<1;TikTok, Facebook, Telegram, Instagram, YouTube;<1;3;3;Never;Never;<1;Never;Never;Never;<1;Instagram;Very much;Somewhat;Somewhat;Somewhat;Somewhat;Very much;Somewhat;Somewhat;Photo, Video;Not at all;Slightly;Slightly;Not at all;Slightly;Not at all;Not at all;Not at all;Slightly;Slightly;Not at all;Not at all;Not at all;Slightly;Yes;Yes;None;Somewhat;Somewhat;Somewhat;Somewhat;Very much;Slightly;Somewhat;Somewhat;Slightly;Somewhat;Somewhat;Somewhat;Somewhat;Slightly;Somewhat;Somewhat;Slightly;Somewhat;Somewhat;Somewhat;Slightly;Somewhat;Slightly;Somewhat;48-53;Male;High school;Employed, 40 or more per week;20,000-29,999;Relax ...
Europe;7-12;2-3;Never;Very important;Slightly important;Not important;Very important;Friends;500-1,500;Need to have new experiences, Interest in different cultures, Need for recreation;Discovery of the natural heritage, Activities related to my job / my educational path, Cultural activities;Maybe;Yes;1-2;Snapchat, TikTok, Instagram, Pinterest, YouTube, Facebook, Twitch, Telegram, Twitter;2;Never;3;Never;Never;2;Never;Never;Never;<1;Facebook, Instagram;Very much;Very much;Very much;Very much;Very much;Very much;Very much;Somewhat;Photo, Video;Not at all;Somewhat;Somewhat;Slightly;Somewhat;Slightly;Somewhat;Not at all;Slightly;Somewhat;Not at all;Not at all;Not at all;Slightly;Maybe;Maybe;Very easy UX and few steps to reach the goal;Somewhat;Somewhat;Somewhat;Slightly;Slightly;Not at all;Somewhat;Very much;Not at all;Somewhat;Somewhat;Slightly;Slightly;Not at all;Not at all;Slightly;Slightly;Somewhat;Somewhat;Slightly;Slightly;Slightly;Not at all;Somewhat;24-29;Male;High school;Employed, 40 or more per week;50,000-59,999;Freedom, discovery, leisure
Europe, Africa, South America, Antartide;4-6;Once or less;Sometimes;Very important;Very important;Not important;Very important;Family;between 1,500 and 2,500;Need to have new experiences, Desire to learn new things, Interest in different cultures;Sport, Discovery of the natural heritage, Activities related to my job / my educational path;Maybe;Yes;2-3;Telegram, TikTok, Snapchat, Pinterest, YouTube, Twitter, Facebook, Instagram;<1;<1;<1;Never;<1;<1;Never;Never;Never;2;Instagram;Somewhat;Somewhat;Somewhat;Somewhat;Somewhat;Somewhat;Somewhat;Somewhat;Photo, Video;Slightly;Somewhat;Slightly;Slightly;Somewhat;Slightly;Slightly;Slightly;Somewhat;Somewhat;Slightly;Slightly;Slightly;Somewhat;Maybe;No;Summary of the activities carried out (related to Photo / costs / activities) that should be shared and perhaps suggested by other users in the same destination;Somewhat;Slightly;Slightly;Slightly;Very much;Somewhat;Somewhat;Somewhat;Somewhat;Somewhat;Somewhat;Somewhat;Very much;Slightly;Slightly;Very much;Somewhat;Very much;Very much;Somewhat;Slightly;Very much;Slightly;Somewhat;24-29;Female;High school;Employed, 40 or more per week;70,000-79,999;Personal growth, awareness, freedom
Europe, North America;7-12;2-3;Sometimes;Very important;Extremely important;Slightly important;Very important;Partner;500-1,500;Need for recreation, Interest in different cultures, Need to have new experiences;Cultural activities, Relax and free time, Discovery of the natural heritage;Yes;Yes;3-4;Facebook, Instagram, Telegram, Twitter;<1;Never;<1;Never;Never;Never;Never;Never;Never;<1;Instagram;Very much;Very much;Very much;Very much;Somewhat;Somewhat;Somewhat;Somewhat;Photo, Video;Slightly;Very much;Somewhat;Slightly;Very much;Very much;Slightly;Not at all;Very much;Not at all;Not at all;Not at all;Somewhat;Slightly;Yes;Yes;Be intuitive;Somewhat;Very much;Very much;Very much;Very much;Slightly;Very much;Very much;Slightly;Very much;Very much;Very much;Very much;Somewhat;Slightly;Very much;Slightly;Very much;Somewhat;Very much;Very much;Very much;Slightly;Somewhat;18-23;Female;Bachelor's degree;Not employed, not looking for a job;30,000-39,999;Experience, leisure, growth
Europe;7-12;2-3;Never;Extremely important;Extremely important;Slightly important;Extremely important;Partner;<500;Desire to learn new things, Interest in different cultures, Need for recreation;Relax and free time, Cultural activities, Discovery of the natural heritage;Maybe;Yes;>5;Twitch, Snapchat, Pinterest, Instagram, Twitter, YouTube, Facebook, TikTok, Telegram;3;4;4;Never;<1;3;Never;Never;<1;<1;Instagram;Very much;Very much;Somewhat;Very much;Slightly;Somewhat;Somewhat;Somewhat;Video, Photo;Slightly;Very much;Somewhat;Slightly;Somewhat;Somewhat;Somewhat;Slightly;Very much;Somewhat;Slightly;Slightly;Somewhat;Somewhat;Yes;Yes;Whole trip plng;Very much;Somewhat;Very much;Slightly;Very much;Slightly;Very much;Very much;Slightly;Very much;Very much;Very much;Very much;Somewhat;Slightly;Somewhat;Slightly;Very much;Very much;Very much;Slightly;Somewhat;Somewhat;Slightly;24-29;Female;High school;Not employed, looking for a job;>100,000;
Europe;4-6;2-3;Sometimes;Very important;Extremely important;Slightly important;Slightly important;Family;500-1,500;Need to have new experiences, Desire to learn new things, Interest in different cultures;Discovery of the natural heritage, Relax and free time, Cultural activities;Yes;Yes;4-5;Snapchat, Instagram, Pinterest, Telegram, TikTok, YouTube, Facebook, Twitter;3;<1;4;Never;3;4;Never;Never;Never;Never;Facebook, Instagram, TikTok;Very much;Very much;Slightly;Very much;Slightly;Slightly;Somewhat;Very much;Video, Photo;Somewhat;Very much;Somewhat;Slightly;Somewhat;Slightly;Slightly;Somewhat;Very much;Somewhat;Not at all;Somewhat;Somewhat;Not at all;Yes;Maybe;book airplanes, hotels and attractions directly from the App;Somewhat;Somewhat;Somewhat;Somewhat;Very much;Somewhat;Very much;Very much;Slightly;Somewhat;Slightly;Somewhat;Very much;Somewhat;Somewhat;Slightly;Somewhat;Very much;Very much;Somewhat;Somewhat;Somewhat;Somewhat;Somewhat;24-29;Female;High school;Employed, 40 or more per week;20,000-29,999;explore, curiosities, landscapes
Europe;7-12;Once or less;Sometimes;Slightly important;Very important;Very important;Very important;Friends;<500;Need for recreation, Interest in different cultures;Relax and free time, Sport, Cultural activities;Maybe;Yes;1-2;YouTube, Instagram;Never;Never;<1;Never;Never;<1;Never;Never;Never;Never;Instagram, I don't share anything on social networks;Somewhat;Somewhat;Somewhat;Somewhat;Slightly;Somewhat;Somewhat;Somewhat;Video, Photo;Slightly;Somewhat;Not at all;Not at all;Not at all;Very much;Not at all;Not at all;Somewhat;Slightly;Not at all;Not at all;Very much;Not at all;No;Maybe;Calls;Somewhat;Somewhat;Somewhat;Slightly;Somewhat;Slightly;Somewhat;Slightly;Not at all;Slightly;Somewhat;Slightly;Somewhat;Slightly;Slightly;Slightly;Slightly;Somewhat;Not at all;Somewhat;Slightly;Slightly;Not at all;Somewhat;>60;Male;High school;Retired;40,000-49,999;Relax, Discovery, Culture
Europe;<3;Once or less;Often;Very important;Extremely important;Slightly important;Very important;Family;500-1,500;Need to have new experiences;Cultural activities;Yes;Yes;1-2;YouTube;Never;Never;Never;Never;Never;<1;Never;Never;Never;Never;I don't share anything on social networks;Very much;Slightly;Somewhat;Somewhat;Very much;Somewhat;Somewhat;Slightly;Photo;Slightly;Not at all;Not at all;Not at all;Slightly;Very much;Somewhat;Not at all;Not at all;Not at all;Not at all;Not at all;Very much;Not at all;Maybe;Maybe;Exchange Photos;Somewhat;Very much;Somewhat;Somewhat;Very much;Somewhat;Very much;Very much;Somewhat;Somewhat;Very much;Somewhat;Very much;Somewhat;Somewhat;Somewhat;Very much;Somewhat;Somewhat;Very much;Very much;Very much;Slightly;Very much;54-60;Female;High school;Employed, 1 to 39 per week;40,000-49,999;Knowledge, culture, discovery
